Fichier, Temps Naif (Âµs), Temps Welzl (Âµs)
test-10.points, 160076, 792
test-100.points, 157884, 242
test-1000.points, 130960, 131
test-1001.points, 142254, 98
test-1002.points, 117969, 43
test-1003.points, 98992, 16
test-1004.points, 101752, 29
test-1005.points, 140922, 43
test-1006.points, 116415, 17
test-1007.points, 126528, 35
test-1008.points, 119047, 28
test-1009.points, 92397, 23
test-101.points, 93388, 33
test-1010.points, 96984, 39
test-1011.points, 146297, 50
test-1012.points, 124130, 82
test-1013.points, 115840, 27
test-1014.points, 88553, 24
test-1015.points, 111298, 18
test-1016.points, 127273, 95
test-1017.points, 88945, 36
test-1018.points, 106716, 32
test-1019.points, 113047, 43
test-102.points, 141945, 23
test-1020.points, 97904, 54
test-1021.points, 104659, 73
test-1022.points, 95721, 33
test-1023.points, 136882, 55
test-1024.points, 126742, 42
test-1025.points, 115100, 35
test-1026.points, 83916, 50
test-1027.points, 110784, 55
test-1028.points, 126156, 36
test-1029.points, 116599, 35
test-103.points, 122917, 17
test-1030.points, 129341, 36
test-1031.points, 102458, 16
test-1032.points, 155048, 29
test-1033.points, 106016, 31
test-1034.points, 124086, 29
test-1035.points, 123435, 44
test-1036.points, 109611, 44
test-1037.points, 93688, 21
test-1038.points, 96812, 33
test-1039.points, 111322, 42
test-104.points, 125401, 31
test-1040.points, 83994, 21
test-1041.points, 109245, 32
test-1042.points, 82043, 14
test-1043.points, 115958, 33
test-1044.points, 113944, 17
test-1045.points, 87659, 24
test-1046.points, 99412, 31
test-1047.points, 97128, 54
test-1048.points, 96902, 18
test-1049.points, 103667, 27
test-105.points, 122983, 48
test-1050.points, 120430, 32
test-1051.points, 120790, 50
test-1052.points, 111230, 19
test-1053.points, 113082, 94
test-1054.points, 108430, 29
test-1055.points, 112790, 34
test-1056.points, 97085, 22
test-1057.points, 130224, 38
test-1058.points, 109741, 29
test-1059.points, 90628, 17
test-106.points, 122725, 30
test-1060.points, 105032, 23
test-1061.points, 102680, 59
test-1062.points, 114775, 42
test-1063.points, 88744, 23
test-1064.points, 155002, 67
test-1065.points, 93582, 16
test-1066.points, 89375, 27
test-1067.points, 152227, 72
test-1068.points, 105199, 22
test-1069.points, 95398, 23
test-107.points, 107072, 40
test-1070.points, 87843, 23
test-1071.points, 124635, 28
test-1072.points, 128252, 41
test-1073.points, 107236, 20
test-1074.points, 117369, 26
test-1075.points, 102187, 37
test-1076.points, 89469, 12
test-1077.points, 87051, 42
test-1078.points, 100920, 54
test-1079.points, 84619, 15
test-108.points, 114825, 25
test-1080.points, 95053, 28
test-1081.points, 106386, 106
test-1082.points, 109673, 47
test-1083.points, 124995, 34
test-1084.points, 159116, 32
test-1085.points, 95736, 21
test-1086.points, 100000, 47
test-1087.points, 111852, 85
test-1088.points, 118428, 28
test-1089.points, 97241, 43
test-109.points, 106198, 33
test-1090.points, 147575, 49
test-1091.points, 99915, 26
test-1092.points, 122359, 27
test-1093.points, 111520, 95
test-1094.points, 95824, 35
test-1095.points, 89831, 35
test-1096.points, 101073, 34
test-1097.points, 118757, 31
test-1098.points, 106320, 24
test-1099.points, 119679, 34
test-11.points, 87464, 22
test-110.points, 118925, 16
test-1100.points, 98763, 30
test-1101.points, 132244, 19
test-1102.points, 102556, 49
test-1103.points, 125097, 25
test-1104.points, 86020, 34
test-1105.points, 99892, 14
test-1106.points, 99238, 34
test-1107.points, 118274, 13
test-1108.points, 96529, 19
test-1109.points, 115484, 53
test-111.points, 102383, 36
test-1110.points, 125420, 14
test-1111.points, 146498, 27
test-1112.points, 96272, 21
test-1113.points, 98161, 34
test-1114.points, 93513, 23
test-1115.points, 89300, 43
test-1116.points, 90126, 14
test-1117.points, 128328, 37
test-1118.points, 112228, 55
test-1119.points, 105151, 17
test-112.points, 104463, 53
test-1120.points, 101426, 36
test-1121.points, 135949, 29
test-1122.points, 103561, 38
test-1123.points, 117052, 81
test-1124.points, 96608, 28
test-1125.points, 97554, 17
test-1126.points, 113301, 27
test-1127.points, 98991, 42
test-1128.points, 101384, 18
test-1129.points, 122907, 36
test-113.points, 107796, 20
test-1130.points, 128775, 34
test-1131.points, 112240, 35
test-1132.points, 104215, 23
test-1133.points, 113771, 26
test-1134.points, 109036, 23
test-1135.points, 102913, 43
test-1136.points, 104712, 35
test-1137.points, 108675, 42
test-1138.points, 106955, 38
test-1139.points, 93895, 16
test-114.points, 103052, 35
test-1140.points, 127933, 45
test-1141.points, 112233, 45
test-1142.points, 96104, 18
test-1143.points, 95418, 26
test-1144.points, 95312, 28
test-1145.points, 95879, 33
test-1146.points, 86788, 26
test-1147.points, 106493, 55
test-1148.points, 91188, 54
test-1149.points, 96074, 21
test-115.points, 120338, 35
test-1150.points, 107791, 28
test-1151.points, 86729, 35
test-1152.points, 100027, 30
test-1153.points, 84227, 21
test-1154.points, 108044, 19
test-1155.points, 105683, 15
test-1156.points, 127070, 25
test-1157.points, 109296, 34
test-1158.points, 100418, 47
test-1159.points, 105769, 39
test-116.points, 98812, 48
test-1160.points, 123542, 32
test-1161.points, 92441, 342
test-1162.points, 111808, 104
test-1163.points, 119214, 51
test-1164.points, 108935, 43
test-1165.points, 118319, 144
test-1166.points, 90968, 45
test-1167.points, 111154, 32
test-1168.points, 101704, 46
test-1169.points, 98929, 19
test-117.points, 94751, 26
test-1170.points, 116874, 29
test-1171.points, 91239, 20
test-1172.points, 94227, 26
test-1173.points, 101504, 13
test-1174.points, 94333, 19
test-1175.points, 135351, 31
test-1176.points, 87536, 21
test-1177.points, 116138, 25
test-1178.points, 108845, 24
test-1179.points, 118611, 14
test-118.points, 95462, 26
test-1180.points, 90225, 15
test-1181.points, 158206, 48
test-1182.points, 126116, 25
test-1183.points, 97077, 22
test-1184.points, 115129, 26
test-1185.points, 124631, 19
test-1186.points, 117024, 20
test-1187.points, 112191, 29
test-1188.points, 126545, 24
test-1189.points, 108070, 21
test-119.points, 86470, 20
test-1190.points, 104215, 17
test-1191.points, 115146, 15
test-1192.points, 100476, 28
test-1193.points, 86709, 37
test-1194.points, 96515, 27
test-1195.points, 106981, 23
test-1196.points, 103153, 26
test-1197.points, 132433, 28
test-1198.points, 114187, 16
test-1199.points, 103294, 25
test-12.points, 130820, 21
test-120.points, 117483, 14
test-1200.points, 106628, 25
test-1201.points, 117324, 21
test-1202.points, 104253, 25
test-1203.points, 100238, 20
test-1204.points, 119326, 27
test-1205.points, 105934, 34
test-1206.points, 117520, 36
test-1207.points, 91059, 16
test-1208.points, 122383, 25
test-1209.points, 117449, 31
test-121.points, 90042, 23
test-1210.points, 111085, 15
test-1211.points, 119940, 33
test-1212.points, 107923, 30
test-1213.points, 102043, 26
test-1214.points, 102330, 16
test-1215.points, 99408, 24
test-1216.points, 137678, 29
test-1217.points, 111651, 24
test-1218.points, 103718, 36
test-1219.points, 135718, 28
test-122.points, 102280, 17
test-1220.points, 95634, 37
test-1221.points, 90098, 22
test-1222.points, 99887, 25
test-1223.points, 141930, 29
test-1224.points, 88020, 33
test-1225.points, 134924, 26
test-1226.points, 112665, 23
test-1227.points, 97170, 34
test-1228.points, 106641, 18
test-1229.points, 117571, 34
test-123.points, 103038, 54
test-1230.points, 105789, 18
test-1231.points, 99886, 23
test-1232.points, 117021, 22
test-1233.points, 126446, 25
test-1234.points, 101240, 29
test-1235.points, 103788, 29
test-1236.points, 118781, 23
test-1237.points, 108349, 37
test-1238.points, 102197, 14
test-1239.points, 111771, 36
test-124.points, 82468, 9
test-1240.points, 155696, 32
test-1241.points, 92576, 14
test-1242.points, 106047, 16
test-1243.points, 93629, 12
test-1244.points, 107371, 17
test-1245.points, 95443, 29
test-1246.points, 106440, 18
test-1247.points, 117696, 36
test-1248.points, 124143, 18
test-1249.points, 100573, 15
test-125.points, 123550, 21
test-1250.points, 94914, 24
test-1251.points, 90274, 20
test-1252.points, 109796, 21
test-1253.points, 167013, 29
test-1254.points, 109908, 22
test-1255.points, 103821, 52
test-1256.points, 95378, 46
test-1257.points, 120931, 22
test-1258.points, 110321, 27
test-1259.points, 107438, 15
test-126.points, 95885, 37
test-1260.points, 100012, 11
test-1261.points, 103984, 16
test-1262.points, 116599, 52
test-1263.points, 97388, 18
test-1264.points, 94240, 23
test-1265.points, 132228, 18
test-1266.points, 127675, 37
test-1267.points, 135674, 36
test-1268.points, 113797, 30
test-1269.points, 103017, 19
test-127.points, 93542, 16
test-1270.points, 119804, 32
test-1271.points, 118611, 25
test-1272.points, 113453, 22
test-1273.points, 112164, 24
test-1274.points, 141618, 16
test-1275.points, 98369, 26
test-1276.points, 100600, 27
test-1277.points, 120499, 22
test-1278.points, 138765, 40
test-1279.points, 87570, 12
test-128.points, 97689, 32
test-1280.points, 107917, 21
test-1281.points, 201259, 22
test-1282.points, 91453, 25
test-1283.points, 98149, 12
test-1284.points, 129180, 22
test-1285.points, 112643, 22
test-1286.points, 108707, 26
test-1287.points, 93783, 17
test-1288.points, 123601, 23
test-1289.points, 110669, 29
test-129.points, 102502, 18
test-1290.points, 108290, 24
test-1291.points, 114664, 31
test-1292.points, 90597, 32
test-1293.points, 110788, 15
test-1294.points, 110422, 34
test-1295.points, 101975, 28
test-1296.points, 89520, 20
test-1297.points, 107844, 16
test-1298.points, 102509, 25
test-1299.points, 123512, 26
test-13.points, 121943, 18
test-130.points, 93246, 24
test-1300.points, 106098, 23
test-1301.points, 120057, 19
test-1302.points, 114871, 25
test-1303.points, 88737, 14
test-1304.points, 94202, 18
test-1305.points, 103372, 20
test-1306.points, 105601, 23
test-1307.points, 104150, 26
test-1308.points, 106928, 26
test-1309.points, 100388, 26
test-131.points, 90376, 12
test-1310.points, 99095, 13
test-1311.points, 148470, 26
test-1312.points, 88992, 14
test-1313.points, 114727, 48
test-1314.points, 124703, 21
test-1315.points, 93324, 13
test-1316.points, 108934, 19
test-1317.points, 106573, 20
test-1318.points, 137720, 34
test-1319.points, 102509, 25
test-132.points, 102711, 22
test-1320.points, 96044, 16
test-1321.points, 104584, 20
test-1322.points, 102926, 21
test-1323.points, 89451, 34
test-1324.points, 97625, 26
test-1325.points, 93204, 14
test-1326.points, 119878, 26
test-1327.points, 96118, 10
test-1328.points, 124673, 55
test-1329.points, 104143, 14
test-133.points, 93711, 13
test-1330.points, 119856, 17
test-1331.points, 107526, 16
test-1332.points, 132630, 34
test-1333.points, 121604, 44
test-1334.points, 111688, 28
test-1335.points, 90226, 43
test-1336.points, 118940, 40
test-1337.points, 96575, 15
test-1338.points, 87672, 33
test-1339.points, 101901, 31
test-134.points, 101350, 25
test-1340.points, 88127, 18
test-1341.points, 113747, 37
test-1342.points, 96494, 31
test-1343.points, 89546, 12
test-1344.points, 89658, 23
test-1345.points, 89732, 15
test-1346.points, 102380, 13
test-1347.points, 105557, 21
test-1348.points, 94168, 20
test-1349.points, 122086, 45
test-135.points, 90825, 30
test-1350.points, 97165, 19
test-1351.points, 89146, 22
test-1352.points, 88614, 38
test-1353.points, 125517, 46
test-1354.points, 93270, 39
test-1355.points, 108696, 21
test-1356.points, 102176, 24
test-1357.points, 111781, 15
test-1358.points, 116221, 14
test-1359.points, 109474, 16
test-136.points, 125808, 22
test-1360.points, 85894, 25
test-1361.points, 129581, 38
test-1362.points, 100208, 19
test-1363.points, 102255, 18
test-1364.points, 130575, 73
test-1365.points, 104390, 11
test-1366.points, 129127, 27
test-1367.points, 92702, 44
test-1368.points, 132817, 36
test-1369.points, 88361, 11
test-137.points, 108742, 42
test-1370.points, 94603, 13
test-1371.points, 123278, 31
test-1372.points, 121274, 16
test-1373.points, 108674, 15
test-1374.points, 95249, 27
test-1375.points, 113545, 26
test-1376.points, 144208, 31
test-1377.points, 88475, 12
test-1378.points, 99020, 37
test-1379.points, 129884, 20
test-138.points, 117685, 34
test-1380.points, 130789, 24
test-1381.points, 112577, 20
test-1382.points, 125771, 43
test-1383.points, 107683, 24
test-1384.points, 97827, 17
test-1385.points, 100565, 33
test-1386.points, 106468, 13
test-1387.points, 106083, 23
test-1388.points, 101893, 32
test-1389.points, 100426, 38
test-139.points, 139639, 20
test-1390.points, 100732, 13
test-1391.points, 91288, 14
test-1392.points, 101057, 26
test-1393.points, 97027, 19
test-1394.points, 108794, 39
test-1395.points, 102572, 24
test-1396.points, 92590, 12
test-1397.points, 88478, 14
test-1398.points, 93525, 34
test-1399.points, 109471, 27
test-14.points, 102552, 24
test-140.points, 114314, 31
test-1400.points, 114196, 18
test-1401.points, 106038, 14
test-1402.points, 114893, 23
test-1403.points, 101899, 10
test-1404.points, 88267, 23
test-1405.points, 110634, 19
test-1406.points, 83237, 23
test-1407.points, 90802, 23
test-1408.points, 119610, 38
test-1409.points, 109682, 21
test-141.points, 126547, 20
test-1410.points, 108570, 26
test-1411.points, 111201, 29
test-1412.points, 108913, 19
test-1413.points, 100876, 16
test-1414.points, 110679, 26
test-1415.points, 101807, 29
test-1416.points, 120455, 26
test-1417.points, 86945, 19
test-1418.points, 100290, 34
test-1419.points, 100737, 44
test-142.points, 132642, 15
test-1420.points, 102730, 15
test-1421.points, 138472, 22
test-1422.points, 91893, 30
test-1423.points, 100755, 12
test-1424.points, 99788, 27
test-1425.points, 129766, 48
test-1426.points, 89499, 29
test-1427.points, 124513, 22
test-1428.points, 102058, 15
test-1429.points, 119180, 30
test-143.points, 96787, 24
test-1430.points, 118231, 30
test-1431.points, 83862, 16
test-1432.points, 137590, 36
test-1433.points, 108181, 27
test-1434.points, 111836, 24
test-1435.points, 144174, 21
test-1436.points, 92483, 31
test-1437.points, 110615, 24
test-1438.points, 88596, 16
test-1439.points, 113126, 43
test-144.points, 131921, 18
test-1440.points, 129444, 23
test-1441.points, 112843, 21
test-1442.points, 116919, 42
test-1443.points, 106127, 19
test-1444.points, 105515, 19
test-1445.points, 115659, 28
test-1446.points, 113483, 21
test-1447.points, 132423, 38
test-1448.points, 104481, 42
test-1449.points, 93495, 18
test-145.points, 87369, 26
test-1450.points, 100048, 33
test-1451.points, 92509, 16
test-1452.points, 89721, 17
test-1453.points, 107745, 21
test-1454.points, 102230, 17
test-1455.points, 128683, 43
test-1456.points, 105725, 21
test-1457.points, 110703, 25
test-1458.points, 104285, 32
test-1459.points, 125044, 25
test-146.points, 109581, 19
test-1460.points, 99643, 32
test-1461.points, 123158, 25
test-1462.points, 170170, 37
test-1463.points, 136686, 28
test-1464.points, 103093, 24
test-1465.points, 103871, 26
test-1466.points, 151133, 35
test-1467.points, 138868, 55
test-1468.points, 98875, 13
test-1469.points, 125135, 21
test-147.points, 88372, 33
test-1470.points, 102594, 15
test-1471.points, 82986, 21
test-1472.points, 83711, 11
test-1473.points, 91747, 26
test-1474.points, 118749, 24
test-1475.points, 90274, 28
test-1476.points, 104855, 18
test-1477.points, 95712, 28
test-1478.points, 123871, 21
test-1479.points, 98549, 21
test-148.points, 108196, 22
test-1480.points, 96272, 16
test-1481.points, 89347, 15
test-1482.points, 117141, 60
test-1483.points, 129048, 58
test-1484.points, 97949, 33
test-1485.points, 96198, 20
test-1486.points, 113550, 29
test-1487.points, 116858, 22
test-1488.points, 85674, 17
test-1489.points, 110565, 21
test-149.points, 90351, 14
test-1490.points, 124301, 29
test-1491.points, 117693, 17
test-1492.points, 110977, 22
test-1493.points, 101204, 19
test-1494.points, 97399, 22
test-1495.points, 99044, 15
test-1496.points, 134679, 64
test-1497.points, 111930, 26
test-1498.points, 129035, 22
test-1499.points, 106078, 14
test-15.points, 115235, 38
test-150.points, 84655, 13
test-1500.points, 123479, 24
test-1501.points, 138735, 23
test-1502.points, 102401, 19
test-1503.points, 135626, 62
test-1504.points, 111017, 36
test-1505.points, 104415, 16
test-1506.points, 101150, 28
test-1507.points, 119300, 50
test-1508.points, 101482, 28
test-1509.points, 99293, 21
test-151.points, 118880, 23
test-1510.points, 126998, 27
test-1511.points, 129226, 32
test-1512.points, 95659, 29
test-1513.points, 103790, 19
test-1514.points, 103259, 14
test-1515.points, 91575, 23
test-1516.points, 113571, 21
test-1517.points, 88863, 27
test-1518.points, 125796, 34
test-1519.points, 108859, 13
test-152.points, 100461, 29
test-1520.points, 89787, 19
test-1521.points, 106964, 25
test-1522.points, 160171, 17
test-1523.points, 93412, 11
test-1524.points, 102071, 35
test-1525.points, 114914, 33
test-1526.points, 104070, 19
test-1527.points, 104101, 33
test-1528.points, 123620, 25
test-1529.points, 134962, 32
test-153.points, 95943, 31
test-1530.points, 97850, 15
test-1531.points, 92490, 17
test-1532.points, 114602, 24
test-1533.points, 113005, 48
test-1534.points, 98623, 18
test-1535.points, 97114, 32
test-1536.points, 123424, 19
test-1537.points, 92642, 30
test-1538.points, 92032, 33
test-1539.points, 103324, 17
test-154.points, 113534, 25
test-1540.points, 92268, 24
test-1541.points, 101201, 20
test-1542.points, 122158, 30
test-1543.points, 132233, 35
test-1544.points, 141382, 43
test-1545.points, 111809, 51
test-1546.points, 152316, 27
test-1547.points, 117171, 33
test-1548.points, 128934, 20
test-1549.points, 99455, 34
test-155.points, 93770, 39
test-1550.points, 118583, 38
test-1551.points, 117915, 20
test-1552.points, 110513, 24
test-1553.points, 96816, 23
test-1554.points, 95170, 14
test-1555.points, 104191, 34
test-1556.points, 100629, 18
test-1557.points, 111205, 29
test-1558.points, 117780, 10
test-1559.points, 110229, 21
test-156.points, 119118, 40
test-1560.points, 127656, 33
test-1561.points, 92607, 21
test-1562.points, 89840, 31
test-1563.points, 105185, 16
test-1564.points, 101755, 19
test-1565.points, 123257, 25
test-1566.points, 104657, 39
test-1567.points, 111246, 22
test-1568.points, 102678, 22
test-1569.points, 101486, 27
test-157.points, 112204, 28
test-1570.points, 84180, 10
test-1571.points, 109457, 18
test-1572.points, 120800, 19
test-1573.points, 104269, 31
test-1574.points, 121287, 37
test-1575.points, 114483, 28
test-1576.points, 143561, 53
test-1577.points, 130597, 47
test-1578.points, 139679, 20
test-1579.points, 112330, 19
test-158.points, 129917, 46
test-1580.points, 114703, 16
test-1581.points, 104538, 12
test-1582.points, 95304, 19
test-1583.points, 116759, 16
test-1584.points, 101475, 30
test-1585.points, 113910, 27
test-1586.points, 116756, 38
test-1587.points, 104050, 18
test-1588.points, 93942, 24
test-1589.points, 137680, 21
test-159.points, 86092, 23
test-1590.points, 94987, 19
test-1591.points, 110290, 40
test-1592.points, 113045, 22
test-1593.points, 86905, 14
test-1594.points, 108474, 24
test-1595.points, 97586, 43
test-1596.points, 105643, 21
test-1597.points, 121067, 17
test-1598.points, 112765, 14
test-1599.points, 97918, 37
test-16.points, 115182, 25
test-160.points, 122753, 33
test-1600.points, 91287, 21
test-1601.points, 90914, 19
test-1602.points, 114268, 31
test-1603.points, 120164, 42
test-1604.points, 98108, 31
test-1605.points, 118730, 34
test-1606.points, 124806, 35
test-1607.points, 93769, 14
test-1608.points, 101140, 18
test-1609.points, 133957, 20
test-161.points, 106880, 10
test-1610.points, 111332, 13
test-1611.points, 102686, 53
test-1612.points, 119895, 24
test-1613.points, 106368, 31
test-1614.points, 116506, 22
test-1615.points, 119805, 37
test-1616.points, 97761, 11
test-1617.points, 94184, 42
test-1618.points, 114296, 22
test-1619.points, 118070, 25
test-162.points, 103246, 24
test-1620.points, 110304, 16
test-1621.points, 111428, 20
test-1622.points, 114091, 18
test-1623.points, 125178, 25
test-1624.points, 117585, 18
test-1625.points, 139823, 87
test-1626.points, 108663, 29
test-1627.points, 115122, 36
test-1628.points, 89688, 16
test-1629.points, 102830, 25
test-163.points, 91876, 35
test-1630.points, 97244, 21
test-1631.points, 121445, 45
test-1632.points, 119212, 38
test-1633.points, 118127, 25
test-1634.points, 113209, 23
test-1635.points, 89927, 18
test-1636.points, 101779, 33
test-1637.points, 107439, 32
test-1638.points, 85887, 16
test-1639.points, 121867, 29
test-164.points, 99387, 21
test-1640.points, 124129, 26
test-1641.points, 93127, 20
test-1642.points, 89226, 19
test-1643.points, 131064, 40
test-1644.points, 96110, 10
test-1645.points, 104116, 27
test-1646.points, 94383, 24
test-1647.points, 89595, 9
test-1648.points, 98023, 23
test-1649.points, 94397, 25
test-165.points, 124948, 14
test-1650.points, 86814, 16
test-1651.points, 110377, 30
test-1652.points, 99306, 15
test-1653.points, 104199, 27
test-1654.points, 147302, 31
test-1655.points, 116638, 16
test-1656.points, 119271, 15
test-1657.points, 98491, 32
test-1658.points, 102100, 25
test-1659.points, 107242, 17
test-166.points, 116835, 52
test-1660.points, 98005, 30
test-1661.points, 127811, 20
test-1662.points, 97698, 16
test-1663.points, 117959, 22
test-1664.points, 105608, 31
test-167.points, 118719, 29
test-168.points, 94094, 15
test-169.points, 118690, 26
test-17.points, 86661, 24
test-170.points, 117015, 45
test-171.points, 124196, 23
test-172.points, 84423, 9
test-173.points, 101386, 11
test-174.points, 99297, 24
test-175.points, 89639, 11
test-176.points, 105071, 49
test-177.points, 87736, 17
test-178.points, 95709, 26
test-179.points, 109960, 36
test-18.points, 122424, 31
test-180.points, 88151, 18
test-181.points, 110113, 31
test-182.points, 83027, 11
test-183.points, 87315, 12
test-184.points, 99880, 52
test-185.points, 99254, 19
test-186.points, 110877, 33
test-187.points, 108481, 35
test-188.points, 120663, 24
test-189.points, 102830, 36
test-19.points, 96225, 15
test-190.points, 115609, 21
test-191.points, 94187, 17
test-192.points, 106322, 23
test-193.points, 89913, 18
test-194.points, 99110, 23
test-195.points, 117963, 20
test-196.points, 95501, 38
test-197.points, 100725, 38
test-198.points, 105154, 28
test-199.points, 105117, 19
test-2.points, 106506, 42
test-20.points, 105614, 43
test-200.points, 136603, 28
test-201.points, 98086, 12
test-202.points, 101109, 15
test-203.points, 113590, 25
test-204.points, 97344, 26
test-205.points, 89540, 20
test-206.points, 115912, 12
test-207.points, 86857, 16
test-208.points, 105646, 18
test-209.points, 109949, 21
test-21.points, 94928, 14
test-210.points, 93899, 22
test-211.points, 108868, 20
test-212.points, 118659, 28
test-213.points, 104243, 19
test-214.points, 102604, 24
test-215.points, 91904, 41
test-216.points, 117176, 23
test-217.points, 118155, 19
test-218.points, 89733, 19
test-219.points, 109348, 28
test-22.points, 134834, 21
test-220.points, 93432, 24
test-221.points, 105181, 32
test-222.points, 114426, 16
test-223.points, 93813, 43
test-224.points, 114330, 43
test-225.points, 115229, 28
test-226.points, 95626, 25
test-227.points, 120174, 38
test-228.points, 109660, 25
test-229.points, 101468, 12
test-23.points, 117220, 29
test-230.points, 96583, 20
test-231.points, 86312, 19
test-232.points, 97651, 10
test-233.points, 84345, 9
test-234.points, 102848, 16
test-235.points, 112498, 20
test-236.points, 104977, 10
test-237.points, 85054, 14
test-238.points, 122226, 28
test-239.points, 136088, 25
test-24.points, 97609, 36
test-240.points, 110283, 20
test-241.points, 98532, 39
test-242.points, 85958, 17
test-243.points, 103908, 35
test-244.points, 140223, 23
test-245.points, 109190, 19
test-246.points, 118181, 17
test-247.points, 95708, 12
test-248.points, 97398, 12
test-249.points, 118940, 19
test-25.points, 112907, 23
test-250.points, 118587, 26
test-251.points, 102395, 20
test-252.points, 104864, 29
test-253.points, 120281, 21
test-254.points, 108616, 24
test-255.points, 107138, 26
test-256.points, 105679, 31
test-257.points, 108952, 22
test-258.points, 121160, 32
test-259.points, 107520, 30
test-26.points, 99268, 35
test-260.points, 105560, 22
test-261.points, 95598, 16
test-262.points, 106543, 30
test-263.points, 115264, 40
test-264.points, 134202, 38
test-265.points, 115738, 24
test-266.points, 108771, 16
test-267.points, 94839, 39
test-268.points, 112107, 18
test-269.points, 94187, 37
test-27.points, 114488, 17
test-270.points, 113039, 35
test-271.points, 125748, 21
test-272.points, 91896, 42
test-273.points, 102663, 12
test-274.points, 92228, 14
test-275.points, 102926, 18
test-276.points, 93720, 20
test-277.points, 95146, 21
test-278.points, 86630, 12
test-279.points, 104902, 21
test-28.points, 136518, 59
test-280.points, 106815, 12
test-281.points, 121063, 19
test-282.points, 93986, 24
test-283.points, 101415, 38
test-284.points, 87425, 22
test-285.points, 109172, 16
test-286.points, 113755, 18
test-287.points, 102118, 29
test-288.points, 118229, 40
test-289.points, 110125, 19
test-29.points, 113218, 20
test-290.points, 95491, 37
test-291.points, 111563, 36
test-292.points, 110531, 19
test-293.points, 105171, 22
test-294.points, 128132, 28
test-295.points, 85591, 8
test-296.points, 103817, 21
test-297.points, 96110, 19
test-298.points, 93230, 22
test-299.points, 120706, 23
test-3.points, 111459, 23
test-30.points, 100503, 16
test-300.points, 91069, 25
test-301.points, 114218, 29
test-302.points, 120754, 24
test-303.points, 99445, 29
test-304.points, 98560, 41
test-305.points, 97679, 23
test-306.points, 109855, 15
test-307.points, 97462, 10
test-308.points, 112792, 15
test-309.points, 107824, 17
test-31.points, 109225, 24
test-310.points, 91678, 16
test-311.points, 126274, 16
test-312.points, 105270, 12
test-313.points, 125560, 37
test-314.points, 122486, 27
test-315.points, 103798, 18
test-316.points, 86710, 10
test-317.points, 92071, 12
test-318.points, 133376, 30
test-319.points, 102859, 40
test-32.points, 102784, 17
test-320.points, 97720, 17
test-321.points, 115526, 41
test-322.points, 121977, 19
test-323.points, 109399, 16
test-324.points, 109105, 13
test-325.points, 95405, 19
test-326.points, 110336, 19
test-327.points, 106800, 16
test-328.points, 101515, 13
test-329.points, 128321, 36
test-33.points, 98756, 30
test-330.points, 121945, 22
test-331.points, 108180, 15
test-332.points, 102178, 24
test-333.points, 103648, 16
test-334.points, 142481, 12
test-335.points, 113564, 32
test-336.points, 111499, 41
test-337.points, 92551, 31
test-338.points, 90677, 32
test-339.points, 114025, 49
test-34.points, 99349, 20
test-340.points, 113172, 17
test-341.points, 91116, 16
test-342.points, 107782, 18
test-343.points, 114499, 26
test-344.points, 95344, 48
test-345.points, 98823, 10
test-346.points, 102297, 18
test-347.points, 124320, 19
test-348.points, 103413, 26
test-349.points, 111451, 36
test-35.points, 85121, 13
test-350.points, 89498, 12
test-351.points, 104065, 48
test-352.points, 118859, 19
test-353.points, 102905, 23
test-354.points, 115034, 17
test-355.points, 94867, 18
test-356.points, 93252, 17
test-357.points, 99783, 14
test-358.points, 126140, 47
test-359.points, 123786, 31
test-36.points, 130335, 20
test-360.points, 99200, 12
test-361.points, 120557, 49
test-362.points, 131907, 39
test-363.points, 101369, 14
test-364.points, 89681, 25
test-365.points, 92431, 21
test-366.points, 107102, 22
test-367.points, 100594, 18
test-368.points, 107508, 17
test-369.points, 102417, 16
test-37.points, 127552, 30
test-370.points, 94638, 29
test-371.points, 85207, 11
test-372.points, 107796, 27
test-373.points, 133470, 19
test-374.points, 168019, 22
test-375.points, 97384, 29
test-376.points, 115743, 28
test-377.points, 116541, 50
test-378.points, 119888, 22
test-379.points, 132759, 45
test-38.points, 115896, 13
test-380.points, 155065, 31
test-381.points, 90179, 24
test-382.points, 93691, 17
test-383.points, 105606, 33
test-384.points, 108417, 28
test-385.points, 99061, 27
test-386.points, 119980, 18
test-387.points, 100985, 14
test-388.points, 98341, 36
test-389.points, 87736, 21
test-39.points, 127113, 34
test-390.points, 138884, 31
test-391.points, 98500, 28
test-392.points, 97637, 26
test-393.points, 110162, 31
test-394.points, 92333, 10
test-395.points, 121360, 41
test-396.points, 104491, 18
test-397.points, 95909, 21
test-398.points, 97391, 38
test-399.points, 98352, 12
test-4.points, 134406, 44
test-40.points, 132959, 31
test-400.points, 117587, 18
test-401.points, 113818, 15
test-402.points, 93343, 9
test-403.points, 96827, 16
test-404.points, 105527, 25
test-405.points, 100821, 11
test-406.points, 108976, 17
test-407.points, 116104, 21
test-408.points, 114497, 38
test-409.points, 104473, 32
test-41.points, 106131, 28
test-410.points, 98079, 28
test-411.points, 94198, 15
test-412.points, 105049, 15
test-413.points, 98109, 31
test-414.points, 129357, 51
test-415.points, 102336, 34
test-416.points, 112644, 31
test-417.points, 102303, 15
test-418.points, 98511, 22
test-419.points, 108538, 17
test-42.points, 103395, 21
test-420.points, 91819, 21
test-421.points, 120228, 14
test-422.points, 116519, 30
test-423.points, 100833, 26
test-424.points, 118437, 25
test-425.points, 92211, 14
test-426.points, 135824, 35
test-427.points, 115097, 27
test-428.points, 89032, 12
test-429.points, 99593, 23
test-43.points, 95124, 20
test-430.points, 87447, 14
test-431.points, 116690, 37
test-432.points, 128916, 19
test-433.points, 88280, 24
test-434.points, 167484, 36
test-435.points, 104855, 30
test-436.points, 121726, 32
test-437.points, 96773, 12
test-438.points, 84295, 8
test-439.points, 100628, 20
test-44.points, 107209, 55
test-440.points, 105030, 9
test-441.points, 96418, 24
test-442.points, 113143, 32
test-443.points, 113827, 20
test-444.points, 120224, 27
test-445.points, 102409, 17
test-446.points, 117692, 26
test-447.points, 87852, 32
test-448.points, 97448, 29
test-449.points, 122274, 22
test-45.points, 111338, 24
test-450.points, 100894, 52
test-451.points, 106696, 37
test-452.points, 123943, 17
test-453.points, 123810, 22
test-454.points, 102886, 22
test-455.points, 89570, 35
test-456.points, 112447, 20
test-457.points, 91056, 8
test-458.points, 119530, 21
test-459.points, 114720, 22
test-46.points, 151337, 25
test-460.points, 88664, 18
test-461.points, 102066, 15
test-462.points, 122051, 22
test-463.points, 136968, 26
test-464.points, 91633, 18
test-465.points, 96981, 26
test-466.points, 117624, 20
test-467.points, 98340, 19
test-468.points, 125063, 23
test-469.points, 112891, 20
test-47.points, 125476, 19
test-470.points, 137339, 53
test-471.points, 100370, 12
test-472.points, 122804, 22
test-473.points, 115766, 23
test-474.points, 120783, 23
test-475.points, 120290, 39
test-476.points, 103082, 18
test-477.points, 96939, 13
test-478.points, 102124, 10
test-479.points, 117727, 26
test-48.points, 113853, 20
test-480.points, 118322, 15
test-481.points, 105022, 38
test-482.points, 99526, 17
test-483.points, 121104, 13
test-484.points, 103618, 18
test-485.points, 119474, 32
test-486.points, 134823, 31
test-487.points, 109091, 16
test-488.points, 117508, 18
test-489.points, 88781, 19
test-49.points, 102689, 25
test-490.points, 111267, 25
test-491.points, 96044, 39
test-492.points, 118614, 42
test-493.points, 87544, 22
test-494.points, 119287, 19
test-495.points, 91195, 11
test-496.points, 114614, 26
test-497.points, 91196, 8
test-498.points, 102664, 24
test-499.points, 87586, 10
test-5.points, 96291, 26
test-50.points, 127924, 30
test-500.points, 98249, 22
test-501.points, 134844, 33
test-502.points, 85216, 25
test-503.points, 117184, 25
test-504.points, 115176, 23
test-505.points, 101036, 13
test-506.points, 111124, 12
test-507.points, 103841, 16
test-508.points, 93565, 21
test-509.points, 131741, 36
test-51.points, 120086, 25
test-510.points, 80664, 17
test-511.points, 90505, 16
test-512.points, 125698, 30
test-513.points, 90189, 20
test-514.points, 98177, 19
test-515.points, 102437, 22
test-516.points, 110917, 55
test-517.points, 95543, 16
test-518.points, 99494, 23
test-519.points, 109628, 26
test-52.points, 92218, 9
test-520.points, 145910, 23
test-521.points, 103524, 20
test-522.points, 107318, 28
test-523.points, 115144, 25
test-524.points, 91804, 19
test-525.points, 114169, 20
test-526.points, 88410, 18
test-527.points, 111024, 21
test-528.points, 97691, 24
test-529.points, 118184, 17
test-53.points, 82517, 14
test-530.points, 88472, 27
test-531.points, 98788, 16
test-532.points, 111676, 16
test-533.points, 103527, 20
test-534.points, 109216, 29
test-535.points, 98602, 24
test-536.points, 94890, 22
test-537.points, 112969, 34
test-538.points, 94535, 10
test-539.points, 138263, 26
test-54.points, 94423, 20
test-540.points, 116290, 30
test-541.points, 96229, 22
test-542.points, 122679, 17
test-543.points, 118177, 54
test-544.points, 104259, 22
test-545.points, 113565, 33
test-546.points, 108024, 35
test-547.points, 98496, 14
test-548.points, 96348, 24
test-549.points, 134459, 30
test-55.points, 88328, 26
test-550.points, 101924, 27
test-551.points, 112845, 60
test-552.points, 128945, 37
test-553.points, 103294, 17
test-554.points, 142817, 24
test-555.points, 109169, 28
test-556.points, 108122, 12
test-557.points, 106152, 46
test-558.points, 91163, 14
test-559.points, 127494, 31
test-56.points, 152589, 27
test-560.points, 111276, 25
test-561.points, 108638, 32
test-562.points, 102818, 39
test-563.points, 88817, 12
test-564.points, 106629, 32
test-565.points, 127789, 24
test-566.points, 109385, 12
test-567.points, 116895, 20
test-568.points, 93757, 21
test-569.points, 108380, 16
test-57.points, 96921, 28
test-570.points, 124780, 38
test-571.points, 85610, 16
test-572.points, 94507, 17
test-573.points, 110126, 20
test-574.points, 101540, 50
test-575.points, 110344, 15
test-576.points, 133149, 17
test-577.points, 115734, 24
test-578.points, 87041, 18
test-579.points, 87755, 32
test-58.points, 109609, 30
test-580.points, 126374, 63
test-581.points, 117206, 17
test-582.points, 102321, 15
test-583.points, 114713, 23
test-584.points, 99184, 19
test-585.points, 129646, 16
test-586.points, 115389, 43
test-587.points, 116573, 26
test-588.points, 118062, 22
test-589.points, 125479, 23
test-59.points, 122642, 17
test-590.points, 103336, 14
test-591.points, 102286, 15
test-592.points, 133881, 28
test-593.points, 96494, 21
test-594.points, 93154, 28
test-595.points, 120920, 19
test-596.points, 127323, 28
test-597.points, 122617, 27
test-598.points, 110423, 20
test-599.points, 122186, 22
test-6.points, 99872, 17
test-60.points, 97360, 19
test-600.points, 101932, 14
test-601.points, 91073, 34
test-602.points, 158515, 41
test-603.points, 88055, 18
test-604.points, 95350, 13
test-605.points, 103608, 40
test-606.points, 102964, 50
test-607.points, 116163, 27
test-608.points, 100008, 29
test-609.points, 115451, 17
test-61.points, 97836, 13
test-610.points, 100985, 11
test-611.points, 87331, 20
test-612.points, 87807, 15
test-613.points, 97932, 23
test-614.points, 120173, 15
test-615.points, 90927, 32
test-616.points, 120885, 18
test-617.points, 102989, 9
test-618.points, 105754, 22
test-619.points, 96231, 29
test-62.points, 133632, 19
test-620.points, 111126, 38
test-621.points, 106454, 16
test-622.points, 99382, 46
test-623.points, 120148, 32
test-624.points, 115635, 29
test-625.points, 100301, 20
test-626.points, 101453, 25
test-627.points, 94256, 30
test-628.points, 90813, 18
test-629.points, 116042, 17
test-63.points, 101564, 23
test-630.points, 92567, 12
test-631.points, 90846, 23
test-632.points, 130124, 27
test-633.points, 87860, 17
test-634.points, 105408, 19
test-635.points, 119643, 48
test-636.points, 127775, 34
test-637.points, 100998, 15
test-638.points, 100535, 12
test-639.points, 104741, 15
test-64.points, 99066, 39
test-640.points, 102082, 35
test-641.points, 105031, 20
test-642.points, 98387, 47
test-643.points, 99738, 22
test-644.points, 100794, 22
test-645.points, 95358, 17
test-646.points, 102331, 20
test-647.points, 105989, 26
test-648.points, 122101, 24
test-649.points, 106003, 44
test-65.points, 97456, 26
test-650.points, 96402, 11
test-651.points, 147194, 34
test-652.points, 100034, 23
test-653.points, 107673, 25
test-654.points, 129670, 23
test-655.points, 100943, 17
test-656.points, 113011, 63
test-657.points, 101804, 34
test-658.points, 114716, 36
test-659.points, 91125, 11
test-66.points, 127603, 17
test-660.points, 110488, 34
test-661.points, 103564, 12
test-662.points, 104879, 28
test-663.points, 116240, 22
test-664.points, 115079, 31
test-665.points, 96106, 21
test-666.points, 100567, 22
test-667.points, 125593, 27
test-668.points, 148428, 28
test-669.points, 94019, 13
test-67.points, 117264, 28
test-670.points, 112503, 16
test-671.points, 94834, 20
test-672.points, 92272, 17
test-673.points, 89395, 32
test-674.points, 101074, 19
test-675.points, 97144, 16
test-676.points, 103832, 17
test-677.points, 96207, 25
test-678.points, 122516, 37
test-679.points, 85697, 10
test-68.points, 99626, 12
test-680.points, 100473, 35
test-681.points, 102178, 19
test-682.points, 120304, 13
test-683.points, 89000, 21
test-684.points, 116660, 40
test-685.points, 124455, 31
test-686.points, 94609, 23
test-687.points, 116029, 34
test-688.points, 106842, 32
test-689.points, 80490, 11
test-69.points, 101093, 17
test-690.points, 108987, 49
test-691.points, 151744, 30
test-692.points, 108934, 20
test-693.points, 122330, 40
test-694.points, 106264, 38
test-695.points, 96525, 30
test-696.points, 123746, 15
test-697.points, 118562, 40
test-698.points, 95383, 33
test-699.points, 84233, 15
test-7.points, 114048, 13
test-70.points, 128513, 33
test-700.points, 112520, 22
test-701.points, 123296, 44
test-702.points, 88182, 10
test-703.points, 101677, 18
test-704.points, 104408, 25
test-705.points, 122182, 13
test-706.points, 111290, 17
test-707.points, 115084, 42
test-708.points, 94257, 25
test-709.points, 100268, 24
test-71.points, 115684, 17
test-710.points, 90967, 20
test-711.points, 118503, 17
test-712.points, 116183, 25
test-713.points, 107850, 16
test-714.points, 106213, 18
test-715.points, 118803, 34
test-716.points, 116984, 35
test-717.points, 89149, 35
test-718.points, 96568, 16
test-719.points, 108990, 17
test-72.points, 103804, 18
test-720.points, 142554, 34
test-721.points, 87484, 20
test-722.points, 98829, 14
test-723.points, 111164, 30
test-724.points, 100790, 24
test-725.points, 112331, 32
test-726.points, 106587, 33
test-727.points, 110179, 23
test-728.points, 91852, 15
test-729.points, 101324, 12
test-73.points, 132049, 22
test-730.points, 83611, 28
test-731.points, 96014, 18
test-732.points, 108714, 22
test-733.points, 105277, 23
test-734.points, 99450, 16
test-735.points, 110101, 43
test-736.points, 97399, 27
test-737.points, 96218, 35
test-738.points, 106648, 34
test-739.points, 107341, 21
test-74.points, 92424, 18
test-740.points, 98100, 29
test-741.points, 125450, 20
test-742.points, 108264, 19
test-743.points, 145165, 25
test-744.points, 98583, 30
test-745.points, 104656, 25
test-746.points, 133748, 13
test-747.points, 126142, 22
test-748.points, 119409, 33
test-749.points, 107851, 16
test-75.points, 98372, 20
test-750.points, 88376, 20
test-751.points, 110234, 40
test-752.points, 95026, 33
test-753.points, 86202, 23
test-754.points, 95243, 15
test-755.points, 124342, 42
test-756.points, 97117, 19
test-757.points, 88237, 19
test-758.points, 100232, 15
test-759.points, 119026, 22
test-76.points, 123970, 25
test-760.points, 136905, 21
test-761.points, 98692, 40
test-762.points, 107465, 31
test-763.points, 89272, 13
test-764.points, 103119, 12
test-765.points, 98141, 20
test-766.points, 127801, 20
test-767.points, 101986, 20
test-768.points, 94293, 15
test-769.points, 96387, 17
test-77.points, 105558, 36
test-770.points, 84577, 14
test-771.points, 109079, 31
test-772.points, 127432, 15
test-773.points, 110374, 24
test-774.points, 123624, 32
test-775.points, 101143, 23
test-776.points, 131029, 30
test-777.points, 94953, 28
test-778.points, 93750, 20
test-779.points, 105366, 10
test-78.points, 114265, 17
test-780.points, 98688, 37
test-781.points, 126334, 31
test-782.points, 86220, 13
test-783.points, 139297, 23
test-784.points, 100626, 15
test-785.points, 142793, 42
test-786.points, 101934, 19
test-787.points, 86923, 14
test-788.points, 121054, 20
test-789.points, 94183, 16
test-79.points, 113327, 48
test-790.points, 97073, 18
test-791.points, 101739, 21
test-792.points, 93010, 24
test-793.points, 112097, 27
test-794.points, 122242, 34
test-795.points, 115139, 25
test-796.points, 97696, 25
test-797.points, 132337, 23
test-798.points, 110442, 39
test-799.points, 103471, 10
test-8.points, 124676, 42
test-80.points, 104442, 9
test-800.points, 103224, 21
test-801.points, 136798, 44
test-802.points, 96283, 23
test-803.points, 107052, 22
test-804.points, 135625, 23
test-805.points, 104184, 23
test-806.points, 84519, 18
test-807.points, 102676, 29
test-808.points, 107795, 29
test-809.points, 134450, 33
test-81.points, 113389, 19
test-810.points, 90178, 20
test-811.points, 119849, 19
test-812.points, 122458, 26
test-813.points, 113705, 30
test-814.points, 110313, 21
test-815.points, 107127, 10
test-816.points, 94295, 18
test-817.points, 102712, 36
test-818.points, 119739, 17
test-819.points, 97857, 33
test-82.points, 122247, 13
test-820.points, 99260, 17
test-821.points, 104915, 27
test-822.points, 103741, 23
test-823.points, 90785, 13
test-824.points, 96926, 16
test-825.points, 89766, 24
test-826.points, 117082, 32
test-827.points, 103624, 46
test-828.points, 94516, 27
test-829.points, 130429, 13
test-83.points, 91695, 17
test-830.points, 101502, 22
test-831.points, 120104, 25
test-832.points, 101102, 38
test-833.points, 118833, 43
test-834.points, 104254, 16
test-835.points, 111635, 34
test-836.points, 95793, 16
test-837.points, 123536, 27
test-838.points, 113444, 21
test-839.points, 138097, 41
test-84.points, 108353, 27
test-840.points, 110880, 21
test-841.points, 124004, 24
test-842.points, 92106, 16
test-843.points, 131232, 27
test-844.points, 96215, 20
test-845.points, 108970, 20
test-846.points, 101703, 12
test-847.points, 103191, 16
test-848.points, 106436, 33
test-849.points, 123092, 33
test-85.points, 107992, 18
test-850.points, 94475, 14
test-851.points, 111237, 27
test-852.points, 91490, 24
test-853.points, 112277, 22
test-854.points, 88516, 26
test-855.points, 92996, 19
test-856.points, 95948, 24
test-857.points, 94853, 19
test-858.points, 104711, 18
test-859.points, 90380, 30
test-86.points, 110291, 20
test-860.points, 117238, 19
test-861.points, 116560, 18
test-862.points, 94353, 33
test-863.points, 102075, 33
test-864.points, 86603, 11
test-865.points, 90667, 17
test-866.points, 137469, 41
test-867.points, 114307, 23
test-868.points, 102794, 71
test-869.points, 97878, 20
test-87.points, 137891, 33
test-870.points, 144067, 38
test-871.points, 99439, 17
test-872.points, 93118, 24
test-873.points, 129668, 17
test-874.points, 110163, 36
test-875.points, 116479, 73
test-876.points, 92816, 18
test-877.points, 115545, 28
test-878.points, 105864, 41
test-879.points, 120380, 37
test-88.points, 138077, 21
test-880.points, 87675, 23
test-881.points, 87335, 15
test-882.points, 110410, 52
test-883.points, 92854, 16
test-884.points, 95553, 38
test-885.points, 110421, 20
test-886.points, 105740, 38
test-887.points, 115473, 46
test-888.points, 92931, 14
test-889.points, 98969, 32
test-89.points, 149152, 37
test-890.points, 106119, 15
test-891.points, 123531, 19
test-892.points, 109036, 38
test-893.points, 117149, 18
test-894.points, 99023, 18
test-895.points, 104010, 19
test-896.points, 127494, 21
test-897.points, 84369, 13
test-898.points, 116807, 43
test-899.points, 109119, 20
test-9.points, 107776, 38
test-90.points, 87764, 15
test-900.points, 104593, 15
test-901.points, 113654, 36
test-902.points, 101172, 14
test-903.points, 109221, 18
test-904.points, 127837, 44
test-905.points, 106092, 24
test-906.points, 98664, 15
test-907.points, 127456, 15
test-908.points, 99564, 21
test-909.points, 104308, 17
test-91.points, 104542, 25
test-910.points, 98449, 13
test-911.points, 106783, 24
test-912.points, 101720, 17
test-913.points, 122066, 31
test-914.points, 107992, 38
test-915.points, 137593, 31
test-916.points, 104282, 19
test-917.points, 120235, 23
test-918.points, 128495, 45
test-919.points, 103074, 20
test-92.points, 135909, 34
test-920.points, 97177, 23
test-921.points, 116210, 28
test-922.points, 133812, 26
test-923.points, 110194, 14
test-924.points, 98451, 17
test-925.points, 99290, 13
test-926.points, 109769, 24
test-927.points, 105009, 26
test-928.points, 114791, 25
test-929.points, 104106, 34
test-93.points, 112159, 18
test-930.points, 94959, 26
test-931.points, 125012, 26
test-932.points, 112424, 13
test-933.points, 104951, 15
test-934.points, 114804, 15
test-935.points, 94590, 24
test-936.points, 94596, 22
test-937.points, 103620, 16
test-938.points, 108620, 22
test-939.points, 88074, 17
test-94.points, 88321, 29
test-940.points, 114463, 27
test-941.points, 89799, 17
test-942.points, 101090, 15
test-943.points, 116834, 22
test-944.points, 99613, 24
test-945.points, 89084, 15
test-946.points, 84294, 14
test-947.points, 93973, 17
test-948.points, 111055, 24
test-949.points, 92205, 19
test-95.points, 126872, 27
test-950.points, 99990, 23
test-951.points, 122284, 22
test-952.points, 108074, 16
test-953.points, 130109, 32
test-954.points, 104749, 23
test-955.points, 109652, 26
test-956.points, 95962, 16
test-957.points, 91760, 31
test-958.points, 118382, 26
test-959.points, 89177, 23
test-96.points, 105861, 35
test-960.points, 101242, 16
test-961.points, 134208, 29
test-962.points, 98064, 26
test-963.points, 110007, 18
test-964.points, 96321, 15
test-965.points, 98110, 21
test-966.points, 94472, 12
test-967.points, 94100, 22
test-968.points, 109117, 24
test-969.points, 144969, 40
test-97.points, 88233, 18
test-970.points, 111370, 24
test-971.points, 96993, 24
test-972.points, 116858, 35
test-973.points, 95716, 29
test-974.points, 99993, 20
test-975.points, 97990, 26
test-976.points, 116420, 30
test-977.points, 105361, 26
test-978.points, 121046, 14
test-979.points, 134509, 45
test-98.points, 87735, 12
test-980.points, 101710, 20
test-981.points, 102560, 21
test-982.points, 129698, 49
test-983.points, 89224, 13
test-984.points, 92998, 29
test-985.points, 110830, 22
test-986.points, 110916, 50
test-987.points, 105557, 19
test-988.points, 116146, 22
test-989.points, 114661, 12
test-99.points, 111001, 18
test-990.points, 98289, 13
test-991.points, 93309, 51
test-992.points, 113847, 30
test-993.points, 135297, 19
test-994.points, 104912, 32
test-995.points, 112189, 21
test-996.points, 137404, 35
test-997.points, 107950, 54
test-998.points, 117956, 28
test-999.points, 109967, 22
